"Region","Position","Ref_base","Mean_mut_percentage"
"SARS-CoV2-5UTR-Amplicon-short-trimmed+3",1,"T",0
"SARS-CoV2-5UTR-Amplicon-short-trimmed+3",2,"T",0
"SARS-CoV2-5UTR-Amplicon-short-trimmed+3",3,"G",0
"SARS-CoV2-5UTR-Amplicon-short-trimmed+3",4,"t",0
"SARS-CoV2-5UTR-Amplicon-short-trimmed+3",5,"a",0
"SARS-CoV2-5UTR-Amplicon-short-trimmed+3",6,"g",0.0445
"SARS-CoV2-5UTR-Amplicon-short-trimmed+3",7,"a",0.0194
"SARS-CoV2-5UTR-Amplicon-short-trimmed+3",8,"t",0.0174
"SARS-CoV2-5UTR-Amplicon-short-trimmed+3",9,"c",0.0307
"SARS-CoV2-5UTR-Amplicon-short-trimmed+3",10,"t",0.0141
"SARS-CoV2-5UTR-Amplicon-short-trimmed+3",11,"g",0.0883
"SARS-CoV2-5UTR-Amplicon-short-trimmed+3",12,"t",0.0329
"SARS-CoV2-5UTR-Amplicon-short-trimmed+3",13,"t",0.0312
"SARS-CoV2-5UTR-Amplicon-short-trimmed+3",14,"c",0.0459
"SARS-CoV2-5UTR-Amplicon-short-trimmed+3",15,"t",0.0508
"SARS-CoV2-5UTR-Amplicon-short-trimmed+3",16,"c",0.0385
"SARS-CoV2-5UTR-Amplicon-short-trimmed+3",17,"t",0.0244
"SARS-CoV2-5UTR-Amplicon-short-trimmed+3",18,"a",0.0611
"SARS-CoV2-5UTR-Amplicon-short-trimmed+3",19,"a",0.0129
"SARS-CoV2-5UTR-Amplicon-short-trimmed+3",20,"a",0.0211
"SARS-CoV2-5UTR-Amplicon-short-trimmed+3",21,"c",0.0261
"SARS-CoV2-5UTR-Amplicon-short-trimmed+3",22,"g",0.0329
"SARS-CoV2-5UTR-Amplicon-short-trimmed+3",23,"a",0.0152
"SARS-CoV2-5UTR-Amplicon-short-trimmed+3",24,"a",0.0164
"SARS-CoV2-5UTR-Amplicon-short-trimmed+3",25,"c",0.3255
"SARS-CoV2-5UTR-Amplicon-short-trimmed+3",26,"t",0.0872
"SARS-CoV2-5UTR-Amplicon-short-trimmed+3",27,"t",0.0626
"SARS-CoV2-5UTR-Amplicon-short-trimmed+3",28,"t",0.018
"SARS-CoV2-5UTR-Amplicon-short-trimmed+3",29,"a",0.0366
"SARS-CoV2-5UTR-Amplicon-short-trimmed+3",30,"a",0.0284
"SARS-CoV2-5UTR-Amplicon-short-trimmed+3",31,"a",0.0709
"SARS-CoV2-5UTR-Amplicon-short-trimmed+3",32,"a",0.0237
"SARS-CoV2-5UTR-Amplicon-short-trimmed+3",33,"t",0.0378
"SARS-CoV2-5UTR-Amplicon-short-trimmed+3",34,"c",0.026
"SARS-CoV2-5UTR-Amplicon-short-trimmed+3",35,"t",0.0318
"SARS-CoV2-5UTR-Amplicon-short-trimmed+3",36,"g",0.0483
"SARS-CoV2-5UTR-Amplicon-short-trimmed+3",37,"t",0.0443
"SARS-CoV2-5UTR-Amplicon-short-trimmed+3",38,"g",0.0233
"SARS-CoV2-5UTR-Amplicon-short-trimmed+3",39,"t",0.0373
"SARS-CoV2-5UTR-Amplicon-short-trimmed+3",40,"g",0.0278
"SARS-CoV2-5UTR-Amplicon-short-trimmed+3",41,"g",0.0554
"SARS-CoV2-5UTR-Amplicon-short-trimmed+3",42,"c",0.0388
"SARS-CoV2-5UTR-Amplicon-short-trimmed+3",43,"t",0.0827
"SARS-CoV2-5UTR-Amplicon-short-trimmed+3",44,"g",0.0452
"SARS-CoV2-5UTR-Amplicon-short-trimmed+3",45,"t",0.0676
"SARS-CoV2-5UTR-Amplicon-short-trimmed+3",46,"c",0.0252
"SARS-CoV2-5UTR-Amplicon-short-trimmed+3",47,"a",0.0359
"SARS-CoV2-5UTR-Amplicon-short-trimmed+3",48,"c",0.0241
"SARS-CoV2-5UTR-Amplicon-short-trimmed+3",49,"t",0.0345
"SARS-CoV2-5UTR-Amplicon-short-trimmed+3",50,"c",0.0364
"SARS-CoV2-5UTR-Amplicon-short-trimmed+3",51,"g",0.0552
"SARS-CoV2-5UTR-Amplicon-short-trimmed+3",52,"g",0.0713
"SARS-CoV2-5UTR-Amplicon-short-trimmed+3",53,"c",0.0747
"SARS-CoV2-5UTR-Amplicon-short-trimmed+3",54,"t",0.0476
"SARS-CoV2-5UTR-Amplicon-short-trimmed+3",55,"g",0.0999
"SARS-CoV2-5UTR-Amplicon-short-trimmed+3",56,"c",0.0433
"SARS-CoV2-5UTR-Amplicon-short-trimmed+3",57,"g",0.0932
"SARS-CoV2-5UTR-Amplicon-short-trimmed+3",58,"t",0.0519
"SARS-CoV2-5UTR-Amplicon-short-trimmed+3",59,"g",0.0705
"SARS-CoV2-5UTR-Amplicon-short-trimmed+3",60,"c",0.0419
"SARS-CoV2-5UTR-Amplicon-short-trimmed+3",61,"t",0.0676
"SARS-CoV2-5UTR-Amplicon-short-trimmed+3",62,"t",0.0311
"SARS-CoV2-5UTR-Amplicon-short-trimmed+3",63,"a",0.0342
"SARS-CoV2-5UTR-Amplicon-short-trimmed+3",64,"g",0.0344
"SARS-CoV2-5UTR-Amplicon-short-trimmed+3",65,"t",0.0216
"SARS-CoV2-5UTR-Amplicon-short-trimmed+3",66,"g",0.0755
"SARS-CoV2-5UTR-Amplicon-short-trimmed+3",67,"c",0.0631
"SARS-CoV2-5UTR-Amplicon-short-trimmed+3",68,"a",0.055
"SARS-CoV2-5UTR-Amplicon-short-trimmed+3",69,"c",0.037
"SARS-CoV2-5UTR-Amplicon-short-trimmed+3",70,"t",0.0314
"SARS-CoV2-5UTR-Amplicon-short-trimmed+3",71,"c",0.0326
"SARS-CoV2-5UTR-Amplicon-short-trimmed+3",72,"a",0.0449
"SARS-CoV2-5UTR-Amplicon-short-trimmed+3",73,"c",0.034
"SARS-CoV2-5UTR-Amplicon-short-trimmed+3",74,"g",0.0518
"SARS-CoV2-5UTR-Amplicon-short-trimmed+3",75,"c",0.0252
"SARS-CoV2-5UTR-Amplicon-short-trimmed+3",76,"a",0.0815
"SARS-CoV2-5UTR-Amplicon-short-trimmed+3",77,"g",0.0451
"SARS-CoV2-5UTR-Amplicon-short-trimmed+3",78,"t",0.0313
"SARS-CoV2-5UTR-Amplicon-short-trimmed+3",79,"a",0.0347
"SARS-CoV2-5UTR-Amplicon-short-trimmed+3",80,"t",0.0209
"SARS-CoV2-5UTR-Amplicon-short-trimmed+3",81,"a",0.0329
"SARS-CoV2-5UTR-Amplicon-short-trimmed+3",82,"a",0.0532
"SARS-CoV2-5UTR-Amplicon-short-trimmed+3",83,"t",0.024
"SARS-CoV2-5UTR-Amplicon-short-trimmed+3",84,"t",0.0621
"SARS-CoV2-5UTR-Amplicon-short-trimmed+3",85,"a",0.0649
"SARS-CoV2-5UTR-Amplicon-short-trimmed+3",86,"a",0.0537
"SARS-CoV2-5UTR-Amplicon-short-trimmed+3",87,"t",0.0245
"SARS-CoV2-5UTR-Amplicon-short-trimmed+3",88,"a",0.0475
"SARS-CoV2-5UTR-Amplicon-short-trimmed+3",89,"a",0.0543
"SARS-CoV2-5UTR-Amplicon-short-trimmed+3",90,"c",0.3079
"SARS-CoV2-5UTR-Amplicon-short-trimmed+3",91,"t",0.0798
"SARS-CoV2-5UTR-Amplicon-short-trimmed+3",92,"a",0.0396
"SARS-CoV2-5UTR-Amplicon-short-trimmed+3",93,"a",0.0404
"SARS-CoV2-5UTR-Amplicon-short-trimmed+3",94,"t",0.0388
"SARS-CoV2-5UTR-Amplicon-short-trimmed+3",95,"t",0.0418
"SARS-CoV2-5UTR-Amplicon-short-trimmed+3",96,"a",0.0405
"SARS-CoV2-5UTR-Amplicon-short-trimmed+3",97,"c",0.0318
"SARS-CoV2-5UTR-Amplicon-short-trimmed+3",98,"t",0.2839
"SARS-CoV2-5UTR-Amplicon-short-trimmed+3",99,"g",0.0681
"SARS-CoV2-5UTR-Amplicon-short-trimmed+3",100,"t",0.0717
"SARS-CoV2-5UTR-Amplicon-short-trimmed+3",101,"c",0.0354
"SARS-CoV2-5UTR-Amplicon-short-trimmed+3",102,"g",0.0618
"SARS-CoV2-5UTR-Amplicon-short-trimmed+3",103,"t",0.0553
"SARS-CoV2-5UTR-Amplicon-short-trimmed+3",104,"t",0.0928
"SARS-CoV2-5UTR-Amplicon-short-trimmed+3",105,"g",0.0555
"SARS-CoV2-5UTR-Amplicon-short-trimmed+3",106,"a",0.0474
"SARS-CoV2-5UTR-Amplicon-short-trimmed+3",107,"c",0.0491
"SARS-CoV2-5UTR-Amplicon-short-trimmed+3",108,"a",0.0698
"SARS-CoV2-5UTR-Amplicon-short-trimmed+3",109,"g",0.062
"SARS-CoV2-5UTR-Amplicon-short-trimmed+3",110,"g",0.0757
"SARS-CoV2-5UTR-Amplicon-short-trimmed+3",111,"a",0.0419
"SARS-CoV2-5UTR-Amplicon-short-trimmed+3",112,"c",0.0639
"SARS-CoV2-5UTR-Amplicon-short-trimmed+3",113,"a",0.069
"SARS-CoV2-5UTR-Amplicon-short-trimmed+3",114,"c",0.0532
"SARS-CoV2-5UTR-Amplicon-short-trimmed+3",115,"g",0.0465
"SARS-CoV2-5UTR-Amplicon-short-trimmed+3",116,"a",0.0659
"SARS-CoV2-5UTR-Amplicon-short-trimmed+3",117,"g",0.0517
"SARS-CoV2-5UTR-Amplicon-short-trimmed+3",118,"t",0.1748
"SARS-CoV2-5UTR-Amplicon-short-trimmed+3",119,"a",0.1843
"SARS-CoV2-5UTR-Amplicon-short-trimmed+3",120,"a",0.1267
"SARS-CoV2-5UTR-Amplicon-short-trimmed+3",121,"c",0.2131
"SARS-CoV2-5UTR-Amplicon-short-trimmed+3",122,"t",0.2335
"SARS-CoV2-5UTR-Amplicon-short-trimmed+3",123,"c",0.2307
"SARS-CoV2-5UTR-Amplicon-short-trimmed+3",124,"g",0.1556
"SARS-CoV2-5UTR-Amplicon-short-trimmed+3",125,"t",0.2456
"SARS-CoV2-5UTR-Amplicon-short-trimmed+3",126,"c",0.1369
"SARS-CoV2-5UTR-Amplicon-short-trimmed+3",127,"t",0.0977
"SARS-CoV2-5UTR-Amplicon-short-trimmed+3",128,"a",0.1481
"SARS-CoV2-5UTR-Amplicon-short-trimmed+3",129,"t",0.6144
"SARS-CoV2-5UTR-Amplicon-short-trimmed+3",130,"c",0.0836
"SARS-CoV2-5UTR-Amplicon-short-trimmed+3",131,"t",0.1287
"SARS-CoV2-5UTR-Amplicon-short-trimmed+3",132,"t",0.1776
"SARS-CoV2-5UTR-Amplicon-short-trimmed+3",133,"c",0.3154
"SARS-CoV2-5UTR-Amplicon-short-trimmed+3",134,"t",0.2486
"SARS-CoV2-5UTR-Amplicon-short-trimmed+3",135,"g",0.084
"SARS-CoV2-5UTR-Amplicon-short-trimmed+3",136,"c",0.3986
"SARS-CoV2-5UTR-Amplicon-short-trimmed+3",137,"a",0.2695
"SARS-CoV2-5UTR-Amplicon-short-trimmed+3",138,"g",0.0751
"SARS-CoV2-5UTR-Amplicon-short-trimmed+3",139,"g",0.2646
"SARS-CoV2-5UTR-Amplicon-short-trimmed+3",140,"c",0.1097
"SARS-CoV2-5UTR-Amplicon-short-trimmed+3",141,"t",0.332
"SARS-CoV2-5UTR-Amplicon-short-trimmed+3",142,"g",0.4454
"SARS-CoV2-5UTR-Amplicon-short-trimmed+3",143,"c",0.0669
"SARS-CoV2-5UTR-Amplicon-short-trimmed+3",144,"t",0.1109
"SARS-CoV2-5UTR-Amplicon-short-trimmed+3",145,"t",0.1662
"SARS-CoV2-5UTR-Amplicon-short-trimmed+3",146,"a",0.2232
"SARS-CoV2-5UTR-Amplicon-short-trimmed+3",147,"c",0.149
"SARS-CoV2-5UTR-Amplicon-short-trimmed+3",148,"g",0.3372
"SARS-CoV2-5UTR-Amplicon-short-trimmed+3",149,"g",0.0786
"SARS-CoV2-5UTR-Amplicon-short-trimmed+3",150,"t",0.1568
"SARS-CoV2-5UTR-Amplicon-short-trimmed+3",151,"t",0.1543
"SARS-CoV2-5UTR-Amplicon-short-trimmed+3",152,"t",0.2643
"SARS-CoV2-5UTR-Amplicon-short-trimmed+3",153,"c",0.2448
"SARS-CoV2-5UTR-Amplicon-short-trimmed+3",154,"g",0.0852
"SARS-CoV2-5UTR-Amplicon-short-trimmed+3",155,"t",0.2899
"SARS-CoV2-5UTR-Amplicon-short-trimmed+3",156,"c",0.1363
"SARS-CoV2-5UTR-Amplicon-short-trimmed+3",157,"c",0.2145
"SARS-CoV2-5UTR-Amplicon-short-trimmed+3",158,"g",0.0853
"SARS-CoV2-5UTR-Amplicon-short-trimmed+3",159,"t",1.6484
"SARS-CoV2-5UTR-Amplicon-short-trimmed+3",160,"g",0.0576
"SARS-CoV2-5UTR-Amplicon-short-trimmed+3",161,"t",0.1118
"SARS-CoV2-5UTR-Amplicon-short-trimmed+3",162,"t",0.1982
"SARS-CoV2-5UTR-Amplicon-short-trimmed+3",163,"g",0.0704
"SARS-CoV2-5UTR-Amplicon-short-trimmed+3",164,"c",0.2621
"SARS-CoV2-5UTR-Amplicon-short-trimmed+3",165,"a",0.1673
"SARS-CoV2-5UTR-Amplicon-short-trimmed+3",166,"g",0.2593
"SARS-CoV2-5UTR-Amplicon-short-trimmed+3",167,"c",0.1259
"SARS-CoV2-5UTR-Amplicon-short-trimmed+3",168,"c",0.621
"SARS-CoV2-5UTR-Amplicon-short-trimmed+3",169,"g",0.1013
"SARS-CoV2-5UTR-Amplicon-short-trimmed+3",170,"a",0.1568
"SARS-CoV2-5UTR-Amplicon-short-trimmed+3",171,"t",0.1173
"SARS-CoV2-5UTR-Amplicon-short-trimmed+3",172,"c",0.2108
"SARS-CoV2-5UTR-Amplicon-short-trimmed+3",173,"a",0.0719
"SARS-CoV2-5UTR-Amplicon-short-trimmed+3",174,"t",0.0918
"SARS-CoV2-5UTR-Amplicon-short-trimmed+3",175,"c",0.2502
"SARS-CoV2-5UTR-Amplicon-short-trimmed+3",176,"a",0.1394
"SARS-CoV2-5UTR-Amplicon-short-trimmed+3",177,"g",0.0947
"SARS-CoV2-5UTR-Amplicon-short-trimmed+3",178,"c",0.6689
"SARS-CoV2-5UTR-Amplicon-short-trimmed+3",179,"a",0.1429
"SARS-CoV2-5UTR-Amplicon-short-trimmed+3",180,"c",0.0975
"SARS-CoV2-5UTR-Amplicon-short-trimmed+3",181,"a",0.1246
"SARS-CoV2-5UTR-Amplicon-short-trimmed+3",182,"t",0.1484
"SARS-CoV2-5UTR-Amplicon-short-trimmed+3",183,"c",0.0906
"SARS-CoV2-5UTR-Amplicon-short-trimmed+3",184,"t",0.1197
"SARS-CoV2-5UTR-Amplicon-short-trimmed+3",185,"a",0.1906
"SARS-CoV2-5UTR-Amplicon-short-trimmed+3",186,"g",0.0536
"SARS-CoV2-5UTR-Amplicon-short-trimmed+3",187,"g",0.0429
"SARS-CoV2-5UTR-Amplicon-short-trimmed+3",188,"t",0.1403
"SARS-CoV2-5UTR-Amplicon-short-trimmed+3",189,"t",0.3367
"SARS-CoV2-5UTR-Amplicon-short-trimmed+3",190,"t",0.4638
"SARS-CoV2-5UTR-Amplicon-short-trimmed+3",191,"c",0.1407
"SARS-CoV2-5UTR-Amplicon-short-trimmed+3",192,"g",0.0709
"SARS-CoV2-5UTR-Amplicon-short-trimmed+3",193,"t",1.3074
"SARS-CoV2-5UTR-Amplicon-short-trimmed+3",194,"c",0.0677
"SARS-CoV2-5UTR-Amplicon-short-trimmed+3",195,"c",0.1319
"SARS-CoV2-5UTR-Amplicon-short-trimmed+3",196,"g",0.3252
"SARS-CoV2-5UTR-Amplicon-short-trimmed+3",197,"g",0.0918
"SARS-CoV2-5UTR-Amplicon-short-trimmed+3",198,"g",0.3678
"SARS-CoV2-5UTR-Amplicon-short-trimmed+3",199,"t",0.2514
"SARS-CoV2-5UTR-Amplicon-short-trimmed+3",200,"g",0.0698
"SARS-CoV2-5UTR-Amplicon-short-trimmed+3",201,"t",0.1458
"SARS-CoV2-5UTR-Amplicon-short-trimmed+3",202,"g",0.1007
"SARS-CoV2-5UTR-Amplicon-short-trimmed+3",203,"a",0.2944
"SARS-CoV2-5UTR-Amplicon-short-trimmed+3",204,"c",0.0841
"SARS-CoV2-5UTR-Amplicon-short-trimmed+3",205,"c",0.1037
"SARS-CoV2-5UTR-Amplicon-short-trimmed+3",206,"g",0.0727
"SARS-CoV2-5UTR-Amplicon-short-trimmed+3",207,"a",0.1178
"SARS-CoV2-5UTR-Amplicon-short-trimmed+3",208,"a",0.0714
"SARS-CoV2-5UTR-Amplicon-short-trimmed+3",209,"a",0.1612
"SARS-CoV2-5UTR-Amplicon-short-trimmed+3",210,"g",0.0961
"SARS-CoV2-5UTR-Amplicon-short-trimmed+3",211,"g",0.1188
"SARS-CoV2-5UTR-Amplicon-short-trimmed+3",212,"t",0.1659
"SARS-CoV2-5UTR-Amplicon-short-trimmed+3",213,"a",0.0583
"SARS-CoV2-5UTR-Amplicon-short-trimmed+3",214,"a",0.0653
"SARS-CoV2-5UTR-Amplicon-short-trimmed+3",215,"g",0.0745
"SARS-CoV2-5UTR-Amplicon-short-trimmed+3",216,"a",0.0447
"SARS-CoV2-5UTR-Amplicon-short-trimmed+3",217,"t",0.1352
"SARS-CoV2-5UTR-Amplicon-short-trimmed+3",218,"g",0.0523
"SARS-CoV2-5UTR-Amplicon-short-trimmed+3",219,"g",0.0675
"SARS-CoV2-5UTR-Amplicon-short-trimmed+3",220,"a",0.2141
"SARS-CoV2-5UTR-Amplicon-short-trimmed+3",221,"g",0.1433
"SARS-CoV2-5UTR-Amplicon-short-trimmed+3",222,"a",0.066
"SARS-CoV2-5UTR-Amplicon-short-trimmed+3",223,"g",0.166
"SARS-CoV2-5UTR-Amplicon-short-trimmed+3",224,"c",0.0515
"SARS-CoV2-5UTR-Amplicon-short-trimmed+3",225,"c",0.0717
"SARS-CoV2-5UTR-Amplicon-short-trimmed+3",226,"t",0.0407
"SARS-CoV2-5UTR-Amplicon-short-trimmed+3",227,"t",0.3583
"SARS-CoV2-5UTR-Amplicon-short-trimmed+3",228,"g",0.0472
"SARS-CoV2-5UTR-Amplicon-short-trimmed+3",229,"t",0.113
"SARS-CoV2-5UTR-Amplicon-short-trimmed+3",230,"c",0.0423
"SARS-CoV2-5UTR-Amplicon-short-trimmed+3",231,"c",0.0481
"SARS-CoV2-5UTR-Amplicon-short-trimmed+3",232,"c",0.0833
"SARS-CoV2-5UTR-Amplicon-short-trimmed+3",233,"t",0.1273
"SARS-CoV2-5UTR-Amplicon-short-trimmed+3",234,"g",0.0601
"SARS-CoV2-5UTR-Amplicon-short-trimmed+3",235,"g",0.0431
"SARS-CoV2-5UTR-Amplicon-short-trimmed+3",236,"t",0.0517
"SARS-CoV2-5UTR-Amplicon-short-trimmed+3",237,"t",0.0726
"SARS-CoV2-5UTR-Amplicon-short-trimmed+3",238,"t",0.1424
"SARS-CoV2-5UTR-Amplicon-short-trimmed+3",239,"c",0.5583
"SARS-CoV2-5UTR-Amplicon-short-trimmed+3",240,"a",0.0765
"SARS-CoV2-5UTR-Amplicon-short-trimmed+3",241,"a",0.0659
"SARS-CoV2-5UTR-Amplicon-short-trimmed+3",242,"c",0.0532
"SARS-CoV2-5UTR-Amplicon-short-trimmed+3",243,"g",0.0254
"SARS-CoV2-5UTR-Amplicon-short-trimmed+3",244,"a",0.1991
"SARS-CoV2-5UTR-Amplicon-short-trimmed+3",245,"g",0
"SARS-CoV2-5UTR-Amplicon-short-trimmed+3",246,"g",0
"SARS-CoV2-5UTR-Amplicon-short-trimmed+3",247,"G",0
"SARS-CoV2-5UTR-Amplicon-short-trimmed+3",248,"A",0
"SARS-CoV2-5UTR-Amplicon-short-trimmed+3",249,"G",0
